card_id,date,price,scrap_date,source_id,dl_loaded_date
H12284S,2023-04-15,25149,2023-05-04T08:45:59.000Z,cars.com scrapper,2023-05-04T15:28:00.859Z
H12284S,2023-05-01,25000,2023-05-04T08:45:59.000Z,cars.com scrapper,2023-05-04T15:28:00.859Z
86444A,2023-02-12,29300,2023-05-04T08:30:39.000Z,cars.com scrapper,2023-05-04T15:28:00.859Z
86444A,2023-02-16,27477,2023-05-04T08:30:39.000Z,cars.com scrapper,2023-05-04T15:28:00.859Z
86444A,2023-02-24,27977,2023-05-04T08:30:39.000Z,cars.com scrapper,2023-05-04T15:28:00.859Z
86444A,2023-03-04,27777,2023-05-04T08:30:39.000Z,cars.com scrapper,2023-05-04T15:28:00.859Z
86444A,2023-03-12,27633,2023-05-04T08:30:39.000Z,cars.com scrapper,2023-05-04T15:28:00.859Z
86444A,2023-03-20,27277,2023-05-04T08:30:39.000Z,cars.com scrapper,2023-05-04T15:28:00.859Z
86444A,2023-03-29,26833,2023-05-04T08:30:39.000Z,cars.com scrapper,2023-05-04T15:28:00.859Z
86444A,2023-04-09,26577,2023-05-04T08:30:39.000Z,cars.com scrapper,2023-05-04T15:28:00.859Z
86444A,2023-04-18,26433,2023-05-04T08:30:39.000Z,cars.com scrapper,2023-05-04T15:28:00.859Z
86444A,2023-04-26,28977,2023-05-04T08:30:39.000Z,cars.com scrapper,2023-05-04T15:28:00.859Z
PU996184P,2023-02-18,27100,2023-05-04T08:53:40.000Z,cars.com scrapper,2023-05-04T15:28:00.859Z
PU996184P,2023-03-01,26895,2023-05-04T08:53:40.000Z,cars.com scrapper,2023-05-04T15:28:00.859Z
PU996184P,2023-03-10,25795,2023-05-04T08:53:40.000Z,cars.com scrapper,2023-05-04T15:28:00.859Z
PU996184P,2023-03-18,25990,2023-05-04T08:53:40.000Z,cars.com scrapper,2023-05-04T15:28:00.859Z
YPJ7929,2023-03-21,28599,2023-05-04T08:19:07.000Z,cars.com scrapper,2023-05-04T15:28:00.859Z
YPJ7929,2023-04-03,27499,2023-05-04T08:19:07.000Z,cars.com scrapper,2023-05-04T15:28:00.859Z
YPJ7929,2023-04-19,26999,2023-05-04T08:19:07.000Z,cars.com scrapper,2023-05-04T15:28:00.859Z
YPJ7929,2023-04-29,24997,2023-05-04T08:19:07.000Z,cars.com scrapper,2023-05-04T15:28:00.859Z
SP250,2023-03-22,27850,2023-05-04T08:43:20.000Z,cars.com scrapper,2023-05-04T15:28:00.859Z
SP250,2023-04-03,26998,2023-05-04T08:43:20.000Z,cars.com scrapper,2023-05-04T15:28:00.859Z
SP250,2023-04-13,26498,2023-05-04T08:43:20.000Z,cars.com scrapper,2023-05-04T15:28:00.859Z
SP250,2023-05-01,26296,2023-05-04T08:43:20.000Z,cars.com scrapper,2023-05-04T15:28:00.859Z
AP1107B,2023-04-01,28959,2023-05-04T08:39:22.000Z,cars.com scrapper,2023-05-04T15:28:00.859Z
AP1107B,2023-04-30,28192,2023-05-04T08:39:22.000Z,cars.com scrapper,2023-05-04T15:28:00.859Z
CH1479,2023-03-22,24998,2023-05-04T08:43:54.000Z,cars.com scrapper,2023-05-04T15:28:00.859Z
CH1479,2023-04-19,24774,2023-05-04T08:43:54.000Z,cars.com scrapper,2023-05-04T15:28:00.859Z
19809,2023-03-15,26988,2023-05-04T08:30:01.000Z,cars.com scrapper,2023-05-04T15:28:00.859Z
19809,2023-03-18,27488,2023-05-04T08:30:01.000Z,cars.com scrapper,2023-05-04T15:28:00.859Z
19809,2023-03-31,28738,2023-05-04T08:30:01.000Z,cars.com scrapper,2023-05-04T15:28:00.859Z
19809,2023-04-06,29988,2023-05-04T08:30:01.000Z,cars.com scrapper,2023-05-04T15:28:00.859Z
19809,2023-04-08,28738,2023-05-04T08:30:01.000Z,cars.com scrapper,2023-05-04T15:28:00.859Z
19809,2023-04-21,28238,2023-05-04T08:30:01.000Z,cars.com scrapper,2023-05-04T15:28:00.859Z
19809,2023-04-27,29935,2023-05-04T08:30:01.000Z,cars.com scrapper,2023-05-04T15:28:00.859Z
19809,2023-05-03,28759,2023-05-04T08:30:01.000Z,cars.com scrapper,2023-05-04T15:28:00.859Z
23M116R,2023-02-14,29599,2023-05-04T08:15:19.000Z,cars.com scrapper,2023-05-04T15:28:00.859Z
23M116R,2023-02-28,28999,2023-05-04T08:15:19.000Z,cars.com scrapper,2023-05-04T15:28:00.859Z
23M116R,2023-03-16,28499,2023-05-04T08:15:19.000Z,cars.com scrapper,2023-05-04T15:28:00.859Z
23M116R,2023-03-29,28399,2023-05-04T08:15:19.000Z,cars.com scrapper,2023-05-04T15:28:00.859Z
23M116R,2023-04-11,28199,2023-05-04T08:15:19.000Z,cars.com scrapper,2023-05-04T15:28:00.859Z
23M116R,2023-04-25,28099,2023-05-04T08:15:19.000Z,cars.com scrapper,2023-05-04T15:28:00.859Z
230874A,2023-03-07,25235,2023-05-04T08:44:59.000Z,cars.com scrapper,2023-05-04T15:28:00.859Z
230874A,2023-04-30,25630,2023-05-04T08:44:59.000Z,cars.com scrapper,2023-05-04T15:28:00.859Z
AU5145,2023-04-08,25493,2023-05-04T08:52:19.000Z,cars.com scrapper,2023-05-04T15:28:00.859Z
AU5145,2023-04-17,25292,2023-05-04T08:52:19.000Z,cars.com scrapper,2023-05-04T15:28:00.859Z
AU5145,2023-04-27,24996,2023-05-04T08:52:19.000Z,cars.com scrapper,2023-05-04T15:28:00.859Z
PU731804,2023-04-07,31998,2023-05-04T08:39:59.000Z,cars.com scrapper,2023-05-04T15:28:00.859Z
PU731804,2023-04-14,31538,2023-05-04T08:39:59.000Z,cars.com scrapper,2023-05-04T15:28:00.859Z
PU731804,2023-04-26,30781,2023-05-04T08:39:59.000Z,cars.com scrapper,2023-05-04T15:28:00.859Z
PU731804,2023-04-28,28999,2023-05-04T08:39:59.000Z,cars.com scrapper,2023-05-04T15:28:00.859Z
PU731804,2023-05-03,28888,2023-05-04T08:39:59.000Z,cars.com scrapper,2023-05-04T15:28:00.859Z
TLW1710A,2023-03-08,28036,2023-05-04T08:31:36.000Z,cars.com scrapper,2023-05-04T15:28:00.859Z
TLW1710A,2023-03-17,30495,2023-05-04T08:31:36.000Z,cars.com scrapper,2023-05-04T15:28:00.859Z
TLW1710A,2023-03-20,30295,2023-05-04T08:31:36.000Z,cars.com scrapper,2023-05-04T15:28:00.859Z
TLW1710A,2023-03-24,29995,2023-05-04T08:31:36.000Z,cars.com scrapper,2023-05-04T15:28:00.859Z
TLW1710A,2023-03-31,30200,2023-05-04T08:31:36.000Z,cars.com scrapper,2023-05-04T15:28:00.859Z
TLW1710A,2023-04-11,29947,2023-05-04T08:31:36.000Z,cars.com scrapper,2023-05-04T15:28:00.859Z
TLW1710A,2023-04-20,29847,2023-05-04T08:31:36.000Z,cars.com scrapper,2023-05-04T15:28:00.859Z
TLW1710A,2023-05-01,29396,2023-05-04T08:31:36.000Z,cars.com scrapper,2023-05-04T15:28:00.859Z
PC40606,2023-04-28,24250,2023-05-04T08:17:16.000Z,cars.com scrapper,2023-05-04T15:28:00.859Z
PC40606,2023-05-02,23973,2023-05-04T08:17:16.000Z,cars.com scrapper,2023-05-04T15:28:00.859Z
FK1124P,2023-04-03,29016,2023-05-04T08:39:42.000Z,cars.com scrapper,2023-05-04T15:28:00.859Z
FK1124P,2023-04-10,28881,2023-05-04T08:39:42.000Z,cars.com scrapper,2023-05-04T15:28:00.859Z
FK1124P,2023-04-19,27573,2023-05-04T08:39:42.000Z,cars.com scrapper,2023-05-04T15:28:00.859Z
FK1124P,2023-04-28,27281,2023-05-04T08:39:42.000Z,cars.com scrapper,2023-05-04T15:28:00.859Z
3C0031,2023-04-08,27000,2023-05-04T08:28:16.000Z,cars.com scrapper,2023-05-04T15:28:00.859Z
3C0031,2023-04-26,26000,2023-05-04T08:28:16.000Z,cars.com scrapper,2023-05-04T15:28:00.859Z
K442539A,2023-03-23,28376,2023-05-04T08:42:29.000Z,cars.com scrapper,2023-05-04T15:28:00.859Z
K442539A,2023-04-24,28676,2023-05-04T08:42:29.000Z,cars.com scrapper,2023-05-04T15:28:00.859Z
K442539A,2023-05-02,27529,2023-05-04T08:42:29.000Z,cars.com scrapper,2023-05-04T15:28:00.859Z
H6218,2022-11-04,28910,2023-05-04T08:47:43.000Z,cars.com scrapper,2023-05-04T15:28:00.859Z
H6218,2022-11-15,27849,2023-05-04T08:47:43.000Z,cars.com scrapper,2023-05-04T15:28:00.859Z
P1601069PM,2023-04-12,28500,2023-05-04T08:20:08.000Z,cars.com scrapper,2023-05-04T15:28:00.859Z
P1601069PM,2023-04-21,28000,2023-05-04T08:20:08.000Z,cars.com scrapper,2023-05-04T15:28:00.859Z
P1601069PM,2023-05-03,27500,2023-05-04T08:20:08.000Z,cars.com scrapper,2023-05-04T15:28:00.859Z
P3516366T,2023-04-21,29991,2023-05-04T08:52:55.000Z,cars.com scrapper,2023-05-04T15:28:00.859Z
P3516366T,2023-04-25,29791,2023-05-04T08:52:55.000Z,cars.com scrapper,2023-05-04T15:28:00.859Z
P3516366T,2023-04-26,29988,2023-05-04T08:52:55.000Z,cars.com scrapper,2023-05-04T15:28:00.859Z
P3516366T,2023-04-28,29688,2023-05-04T08:52:55.000Z,cars.com scrapper,2023-05-04T15:28:00.859Z
PG063014P,2023-03-10,29999,2023-05-04T08:42:17.000Z,cars.com scrapper,2023-05-04T15:28:00.859Z
PG063014P,2023-03-18,31416,2023-05-04T08:42:17.000Z,cars.com scrapper,2023-05-04T15:28:00.859Z
PG063014P,2023-03-30,29758,2023-05-04T08:42:17.000Z,cars.com scrapper,2023-05-04T15:28:00.859Z
PG063014P,2023-04-20,33497,2023-05-04T08:42:17.000Z,cars.com scrapper,2023-05-04T15:28:00.859Z
PG063014P,2023-04-27,29671,2023-05-04T08:42:17.000Z,cars.com scrapper,2023-05-04T15:28:00.859Z
45910,2023-04-27,28980,2023-05-04T08:19:22.000Z,cars.com scrapper,2023-05-04T15:28:00.859Z
45910,2023-04-29,29980,2023-05-04T08:19:22.000Z,cars.com scrapper,2023-05-04T15:28:00.859Z
H6216,2022-11-04,29285,2023-05-04T08:51:10.000Z,cars.com scrapper,2023-05-04T15:28:00.859Z
H6216,2022-11-15,28199,2023-05-04T08:51:10.000Z,cars.com scrapper,2023-05-04T15:28:00.859Z
P170805,2023-04-22,31959,2023-05-04T08:46:47.000Z,cars.com scrapper,2023-05-04T15:28:00.859Z
P170805,2023-04-28,29949,2023-05-04T08:46:47.000Z,cars.com scrapper,2023-05-04T15:28:00.859Z
T31547A,2023-04-01,25040,2023-05-04T08:16:54.000Z,cars.com scrapper,2023-05-04T15:28:00.859Z
T31547A,2023-04-24,28885,2023-05-04T08:16:54.000Z,cars.com scrapper,2023-05-04T15:28:00.859Z
T31547A,2023-04-25,27775,2023-05-04T08:16:54.000Z,cars.com scrapper,2023-05-04T15:28:00.859Z
T31547A,2023-04-27,26985,2023-05-04T08:16:54.000Z,cars.com scrapper,2023-05-04T15:28:00.859Z
T31547A,2023-04-28,25985,2023-05-04T08:16:54.000Z,cars.com scrapper,2023-05-04T15:28:00.859Z
P26125,2023-04-05,28936,2023-05-04T08:56:31.000Z,cars.com scrapper,2023-05-04T15:28:00.859Z
P26125,2023-04-08,28773,2023-05-04T08:56:31.000Z,cars.com scrapper,2023-05-04T15:28:00.859Z
P26125,2023-04-21,28527,2023-05-04T08:56:31.000Z,cars.com scrapper,2023-05-04T15:28:00.859Z
P26125,2023-04-29,29036,2023-05-04T08:56:31.000Z,cars.com scrapper,2023-05-04T15:28:00.859Z
SC203A,2023-03-31,32900,2023-05-04T08:36:53.000Z,cars.com scrapper,2023-05-04T15:28:00.859Z
SC203A,2023-04-15,31863,2023-05-04T08:36:53.000Z,cars.com scrapper,2023-05-04T15:28:00.859Z
SC203A,2023-04-22,29936,2023-05-04T08:36:53.000Z,cars.com scrapper,2023-05-04T15:28:00.859Z
HP2065,2023-02-22,29395,2023-05-04T08:22:13.000Z,cars.com scrapper,2023-05-04T15:28:00.859Z
HP2065,2023-03-01,28995,2023-05-04T08:22:13.000Z,cars.com scrapper,2023-05-04T15:28:00.859Z
HP2065,2023-03-05,31495,2023-05-04T08:22:13.000Z,cars.com scrapper,2023-05-04T15:28:00.859Z
HP2065,2023-03-14,30995,2023-05-04T08:22:13.000Z,cars.com scrapper,2023-05-04T15:28:00.859Z
HP2065,2023-03-22,29995,2023-05-04T08:22:13.000Z,cars.com scrapper,2023-05-04T15:28:00.859Z
HP2065,2023-03-30,29696,2023-05-04T08:22:13.000Z,cars.com scrapper,2023-05-04T15:28:00.859Z
HP2065,2023-04-10,29596,2023-05-04T08:22:13.000Z,cars.com scrapper,2023-05-04T15:28:00.859Z
HP2065,2023-04-19,29496,2023-05-04T08:22:13.000Z,cars.com scrapper,2023-05-04T15:28:00.859Z
HP2065,2023-04-27,29395,2023-05-04T08:22:13.000Z,cars.com scrapper,2023-05-04T15:28:00.859Z
U2142L,2023-02-25,31995,2023-05-04T08:57:39.000Z,cars.com scrapper,2023-05-04T15:28:00.859Z
U2142L,2023-03-10,31895,2023-05-04T08:57:39.000Z,cars.com scrapper,2023-05-04T15:28:00.859Z
U2142L,2023-03-16,30056,2023-05-04T08:57:39.000Z,cars.com scrapper,2023-05-04T15:28:00.859Z
U2142L,2023-03-30,29755,2023-05-04T08:57:39.000Z,cars.com scrapper,2023-05-04T15:28:00.859Z
U2142L,2023-04-06,29994,2023-05-04T08:57:39.000Z,cars.com scrapper,2023-05-04T15:28:00.859Z
U2142L,2023-04-08,29810,2023-05-04T08:57:39.000Z,cars.com scrapper,2023-05-04T15:28:00.859Z
U2142L,2023-04-15,29670,2023-05-04T08:57:39.000Z,cars.com scrapper,2023-05-04T15:28:00.859Z
U2142L,2023-04-25,29532,2023-05-04T08:57:39.000Z,cars.com scrapper,2023-05-04T15:28:00.859Z
U2142L,2023-05-03,29351,2023-05-04T08:57:39.000Z,cars.com scrapper,2023-05-04T15:28:00.859Z
3C0082,2023-03-13,29000,2023-05-04T08:23:06.000Z,cars.com scrapper,2023-05-04T15:28:00.859Z
3C0082,2023-03-22,28000,2023-05-04T08:23:06.000Z,cars.com scrapper,2023-05-04T15:28:00.859Z
3C0082,2023-04-09,27500,2023-05-04T08:23:06.000Z,cars.com scrapper,2023-05-04T15:28:00.859Z
3C0082,2023-04-15,27000,2023-05-04T08:23:06.000Z,cars.com scrapper,2023-05-04T15:28:00.859Z
3C0082,2023-04-26,26500,2023-05-04T08:23:06.000Z,cars.com scrapper,2023-05-04T15:28:00.859Z
15540P,2023-03-22,28310,2023-05-04T08:40:30.000Z,cars.com scrapper,2023-05-04T15:28:00.859Z
15540P,2023-03-30,29085,2023-05-04T08:40:30.000Z,cars.com scrapper,2023-05-04T15:28:00.859Z
15540P,2023-03-31,28652,2023-05-04T08:40:30.000Z,cars.com scrapper,2023-05-04T15:28:00.859Z
15540P,2023-04-03,29511,2023-05-04T08:40:30.000Z,cars.com scrapper,2023-05-04T15:28:00.859Z
15540P,2023-04-13,30707,2023-05-04T08:40:30.000Z,cars.com scrapper,2023-05-04T15:28:00.859Z
15540P,2023-04-17,31320,2023-05-04T08:40:30.000Z,cars.com scrapper,2023-05-04T15:28:00.859Z
15540P,2023-04-21,28865,2023-05-04T08:40:30.000Z,cars.com scrapper,2023-05-04T15:28:00.859Z
15540P,2023-04-25,61944,2023-05-04T08:40:30.000Z,cars.com scrapper,2023-05-04T15:28:00.859Z
15540P,2023-04-26,29999,2023-05-04T08:40:30.000Z,cars.com scrapper,2023-05-04T15:28:00.859Z
015282,2023-03-31,27798,2023-05-04T08:25:13.000Z,cars.com scrapper,2023-05-04T15:28:00.859Z
015282,2023-05-03,26998,2023-05-04T08:25:13.000Z,cars.com scrapper,2023-05-04T15:28:00.859Z
5SU33696,2023-03-26,27000,2023-05-04T08:26:29.000Z,cars.com scrapper,2023-05-04T15:28:00.859Z
5SU33696,2023-03-28,27562,2023-05-04T08:26:29.000Z,cars.com scrapper,2023-05-04T15:28:00.859Z
5SU33696,2023-03-29,26695,2023-05-04T08:26:29.000Z,cars.com scrapper,2023-05-04T15:28:00.859Z
5SU33696,2023-04-01,26954,2023-05-04T08:26:29.000Z,cars.com scrapper,2023-05-04T15:28:00.859Z
5SU33696,2023-04-10,26800,2023-05-04T08:26:29.000Z,cars.com scrapper,2023-05-04T15:28:00.859Z
5SU33696,2023-04-18,26900,2023-05-04T08:26:29.000Z,cars.com scrapper,2023-05-04T15:28:00.859Z
5SU33696,2023-04-19,26500,2023-05-04T08:26:29.000Z,cars.com scrapper,2023-05-04T15:28:00.859Z
5SU33696,2023-04-27,26400,2023-05-04T08:26:29.000Z,cars.com scrapper,2023-05-04T15:28:00.859Z
G110747A,2023-04-12,27067,2023-05-04T08:22:37.000Z,cars.com scrapper,2023-05-04T15:28:00.859Z
G110747A,2023-04-29,28991,2023-05-04T08:22:37.000Z,cars.com scrapper,2023-05-04T15:28:00.859Z
63063,2023-03-28,25997,2023-05-04T08:33:11.000Z,cars.com scrapper,2023-05-04T15:28:00.859Z
63063,2023-04-10,25597,2023-05-04T08:33:11.000Z,cars.com scrapper,2023-05-04T15:28:00.859Z
63063,2023-04-26,24997,2023-05-04T08:33:11.000Z,cars.com scrapper,2023-05-04T15:28:00.859Z
4005243,2023-03-28,30900,2023-05-04T08:17:39.000Z,cars.com scrapper,2023-05-04T15:28:00.859Z
4005243,2023-04-05,30800,2023-05-04T08:17:39.000Z,cars.com scrapper,2023-05-04T15:28:00.859Z
4005243,2023-04-12,30600,2023-05-04T08:17:39.000Z,cars.com scrapper,2023-05-04T15:28:00.859Z
4005243,2023-04-19,28500,2023-05-04T08:17:39.000Z,cars.com scrapper,2023-05-04T15:28:00.859Z
4005243,2023-04-28,28200,2023-05-04T08:17:39.000Z,cars.com scrapper,2023-05-04T15:28:00.859Z
T050169A,2023-03-15,29500,2023-05-04T08:22:50.000Z,cars.com scrapper,2023-05-04T15:28:00.859Z
T050169A,2023-03-22,29000,2023-05-04T08:22:50.000Z,cars.com scrapper,2023-05-04T15:28:00.859Z
T050169A,2023-03-30,28500,2023-05-04T08:22:50.000Z,cars.com scrapper,2023-05-04T15:28:00.859Z
T050169A,2023-04-05,28000,2023-05-04T08:22:50.000Z,cars.com scrapper,2023-05-04T15:28:00.859Z
T050169A,2023-04-23,27700,2023-05-04T08:22:50.000Z,cars.com scrapper,2023-05-04T15:28:00.859Z
T050169A,2023-05-02,27500,2023-05-04T08:22:50.000Z,cars.com scrapper,2023-05-04T15:28:00.859Z
P100080,2023-03-14,29999,2023-05-04T08:14:59.000Z,cars.com scrapper,2023-05-04T15:28:00.859Z
P100080,2023-03-29,29632,2023-05-04T08:14:59.000Z,cars.com scrapper,2023-05-04T15:28:00.859Z
P100080,2023-04-05,29332,2023-05-04T08:14:59.000Z,cars.com scrapper,2023-05-04T15:28:00.859Z
P100080,2023-04-11,29173,2023-05-04T08:14:59.000Z,cars.com scrapper,2023-05-04T15:28:00.859Z
P100080,2023-04-18,28873,2023-05-04T08:14:59.000Z,cars.com scrapper,2023-05-04T15:28:00.859Z
P100080,2023-04-27,28499,2023-05-04T08:14:59.000Z,cars.com scrapper,2023-05-04T15:28:00.859Z
KV290,2023-01-12,30490,2023-05-04T08:15:25.000Z,cars.com scrapper,2023-05-04T15:28:00.859Z
KV290,2023-04-17,30250,2023-05-04T08:15:25.000Z,cars.com scrapper,2023-05-04T15:28:00.859Z
KV290,2023-04-29,29995,2023-05-04T08:15:25.000Z,cars.com scrapper,2023-05-04T15:28:00.859Z
KV290,2023-05-03,29500,2023-05-04T08:15:25.000Z,cars.com scrapper,2023-05-04T15:28:00.859Z
230632A,2023-04-06,29655,2023-05-04T08:33:06.000Z,cars.com scrapper,2023-05-04T15:28:00.859Z
230632A,2023-04-07,31700,2023-05-04T08:33:06.000Z,cars.com scrapper,2023-05-04T15:28:00.859Z
230632A,2023-04-20,31300,2023-05-04T08:33:06.000Z,cars.com scrapper,2023-05-04T15:28:00.859Z
230632A,2023-04-26,30900,2023-05-04T08:33:06.000Z,cars.com scrapper,2023-05-04T15:28:00.859Z
230632A,2023-04-29,30500,2023-05-04T08:33:06.000Z,cars.com scrapper,2023-05-04T15:28:00.859Z
230632A,2023-05-03,29998,2023-05-04T08:33:06.000Z,cars.com scrapper,2023-05-04T15:28:00.859Z
PH094225,2023-04-15,24007,2023-05-04T08:55:08.000Z,cars.com scrapper,2023-05-04T15:28:00.859Z
PH094225,2023-04-18,23507,2023-05-04T08:55:08.000Z,cars.com scrapper,2023-05-04T15:28:00.859Z
FRD23064A,2023-03-08,31486,2023-05-04T08:20:38.000Z,cars.com scrapper,2023-05-04T15:28:00.859Z
FRD23064A,2023-03-12,31263,2023-05-04T08:20:38.000Z,cars.com scrapper,2023-05-04T15:28:00.859Z
FRD23064A,2023-03-16,30963,2023-05-04T08:20:38.000Z,cars.com scrapper,2023-05-04T15:28:00.859Z
FRD23064A,2023-03-21,30786,2023-05-04T08:20:38.000Z,cars.com scrapper,2023-05-04T15:28:00.859Z
FRD23064A,2023-04-14,30463,2023-05-04T08:20:38.000Z,cars.com scrapper,2023-05-04T15:28:00.859Z
FRD23064A,2023-04-22,29963,2023-05-04T08:20:38.000Z,cars.com scrapper,2023-05-04T15:28:00.859Z
FRD23064A,2023-04-30,29786,2023-05-04T08:20:38.000Z,cars.com scrapper,2023-05-04T15:28:00.859Z
P264384C,2022-11-13,27564,2023-05-04T08:21:02.000Z,cars.com scrapper,2023-05-04T15:28:00.859Z
P264384C,2023-03-23,29564,2023-05-04T08:21:02.000Z,cars.com scrapper,2023-05-04T15:28:00.859Z
P264384C,2023-03-26,29928,2023-05-04T08:21:02.000Z,cars.com scrapper,2023-05-04T15:28:00.859Z
P264384C,2023-04-07,29828,2023-05-04T08:21:02.000Z,cars.com scrapper,2023-05-04T15:28:00.859Z
P264384C,2023-04-29,29483,2023-05-04T08:21:02.000Z,cars.com scrapper,2023-05-04T15:28:00.859Z
CP2759,2023-03-16,28750,2023-05-04T08:46:43.000Z,cars.com scrapper,2023-05-04T15:28:00.859Z
CP2759,2023-03-24,28191,2023-05-04T08:46:43.000Z,cars.com scrapper,2023-05-04T15:28:00.859Z
CP2759,2023-04-01,27995,2023-05-04T08:46:43.000Z,cars.com scrapper,2023-05-04T15:28:00.859Z
CP2759,2023-04-11,27491,2023-05-04T08:46:43.000Z,cars.com scrapper,2023-05-04T15:28:00.859Z
U93972L,2023-03-16,22487,2023-05-04T08:16:40.000Z,cars.com scrapper,2023-05-04T15:28:00.859Z
U93972L,2023-03-26,22356,2023-05-04T08:16:40.000Z,cars.com scrapper,2023-05-04T15:28:00.859Z
U93972L,2023-04-08,21987,2023-05-04T08:16:40.000Z,cars.com scrapper,2023-05-04T15:28:00.859Z
NL218670,2023-02-14,25000,2023-05-04T08:21:46.000Z,cars.com scrapper,2023-05-04T15:28:00.859Z
NL218670,2023-02-22,24800,2023-05-04T08:21:46.000Z,cars.com scrapper,2023-05-04T15:28:00.859Z
NL218670,2023-03-02,24700,2023-05-04T08:21:46.000Z,cars.com scrapper,2023-05-04T15:28:00.859Z
NL218670,2023-03-11,24500,2023-05-04T08:21:46.000Z,cars.com scrapper,2023-05-04T15:28:00.859Z
NL218670,2023-03-20,24300,2023-05-04T08:21:46.000Z,cars.com scrapper,2023-05-04T15:28:00.859Z
NL218670,2023-03-25,23200,2023-05-04T08:21:46.000Z,cars.com scrapper,2023-05-04T15:28:00.859Z
NL218670,2023-04-03,23100,2023-05-04T08:21:46.000Z,cars.com scrapper,2023-05-04T15:28:00.859Z
NL218670,2023-04-11,23000,2023-05-04T08:21:46.000Z,cars.com scrapper,2023-05-04T15:28:00.859Z
NL218670,2023-04-20,22900,2023-05-04T08:21:46.000Z,cars.com scrapper,2023-05-04T15:28:00.859Z
NL218670,2023-04-28,22800,2023-05-04T08:21:46.000Z,cars.com scrapper,2023-05-04T15:28:00.859Z
U32121,2023-02-28,30999,2023-05-04T08:23:30.000Z,cars.com scrapper,2023-05-04T15:28:00.859Z
U32121,2023-03-02,33026,2023-05-04T08:23:30.000Z,cars.com scrapper,2023-05-04T15:28:00.859Z
U32121,2023-03-07,30299,2023-05-04T08:23:30.000Z,cars.com scrapper,2023-05-04T15:28:00.859Z
U32121,2023-03-17,30199,2023-05-04T08:23:30.000Z,cars.com scrapper,2023-05-04T15:28:00.859Z
U32121,2023-03-25,30099,2023-05-04T08:23:30.000Z,cars.com scrapper,2023-05-04T15:28:00.859Z
U32121,2023-04-02,29599,2023-05-04T08:23:30.000Z,cars.com scrapper,2023-05-04T15:28:00.859Z
U32121,2023-04-10,29099,2023-05-04T08:23:30.000Z,cars.com scrapper,2023-05-04T15:28:00.859Z
U32121,2023-04-20,28599,2023-05-04T08:23:30.000Z,cars.com scrapper,2023-05-04T15:28:00.859Z
U32121,2023-04-28,28099,2023-05-04T08:23:30.000Z,cars.com scrapper,2023-05-04T15:28:00.859Z
23BC123A,2023-03-31,28987,2023-05-04T08:48:12.000Z,cars.com scrapper,2023-05-04T15:28:00.859Z
23BC123A,2023-04-10,28687,2023-05-04T08:48:12.000Z,cars.com scrapper,2023-05-04T15:28:00.859Z
23BC123A,2023-04-19,28177,2023-05-04T08:48:12.000Z,cars.com scrapper,2023-05-04T15:28:00.859Z
23BC123A,2023-04-28,27988,2023-05-04T08:48:12.000Z,cars.com scrapper,2023-05-04T15:28:00.859Z
P3193340,2023-04-25,28895,2023-05-04T08:47:48.000Z,cars.com scrapper,2023-05-04T15:28:00.859Z
P3193340,2023-04-29,28995,2023-05-04T08:47:48.000Z,cars.com scrapper,2023-05-04T15:28:00.859Z
T1274,2023-03-23,33981,2023-05-04T08:56:50.000Z,cars.com scrapper,2023-05-04T15:28:00.859Z
T1274,2023-03-31,32981,2023-05-04T08:56:50.000Z,cars.com scrapper,2023-05-04T15:28:00.859Z
T1274,2023-04-08,31982,2023-05-04T08:56:50.000Z,cars.com scrapper,2023-05-04T15:28:00.859Z
T1274,2023-04-17,30982,2023-05-04T08:56:50.000Z,cars.com scrapper,2023-05-04T15:28:00.859Z
T1274,2023-04-26,29983,2023-05-04T08:56:50.000Z,cars.com scrapper,2023-05-04T15:28:00.859Z
P3122,2023-04-24,29688,2023-05-04T08:29:08.000Z,cars.com scrapper,2023-05-04T15:28:00.859Z
P3122,2023-05-02,28673,2023-05-04T08:29:08.000Z,cars.com scrapper,2023-05-04T15:28:00.859Z
LHU23107,2023-03-09,29980,2023-05-04T08:46:41.000Z,cars.com scrapper,2023-05-04T15:28:00.859Z
LHU23107,2023-03-28,28980,2023-05-04T08:46:41.000Z,cars.com scrapper,2023-05-04T15:28:00.859Z
LHU23107,2023-04-12,28480,2023-05-04T08:46:41.000Z,cars.com scrapper,2023-05-04T15:28:00.859Z
N230005,2023-01-31,28767,2023-05-04T08:29:36.000Z,cars.com scrapper,2023-05-04T15:28:00.859Z
N230005,2023-03-30,28587,2023-05-04T08:29:36.000Z,cars.com scrapper,2023-05-04T15:28:00.859Z
N230005,2023-04-07,28286,2023-05-04T08:29:36.000Z,cars.com scrapper,2023-05-04T15:28:00.859Z
N230005,2023-04-20,27980,2023-05-04T08:29:36.000Z,cars.com scrapper,2023-05-04T15:28:00.859Z
5195770,2023-03-22,28884,2023-05-04T08:34:00.000Z,cars.com scrapper,2023-05-04T15:28:00.859Z
5195770,2023-03-23,26984,2023-05-04T08:34:00.000Z,cars.com scrapper,2023-05-04T15:28:00.859Z
5195770,2023-03-28,27984,2023-05-04T08:34:00.000Z,cars.com scrapper,2023-05-04T15:28:00.859Z
5195770,2023-04-07,27784,2023-05-04T08:34:00.000Z,cars.com scrapper,2023-05-04T15:28:00.859Z
5195770,2023-04-17,27584,2023-05-04T08:34:00.000Z,cars.com scrapper,2023-05-04T15:28:00.859Z
5195770,2023-04-19,27384,2023-05-04T08:34:00.000Z,cars.com scrapper,2023-05-04T15:28:00.859Z
5195770,2023-04-21,26984,2023-05-04T08:34:00.000Z,cars.com scrapper,2023-05-04T15:28:00.859Z
5195770,2023-04-28,26784,2023-05-04T08:34:00.000Z,cars.com scrapper,2023-05-04T15:28:00.859Z
5195770,2023-05-01,26584,2023-05-04T08:34:00.000Z,cars.com scrapper,2023-05-04T15:28:00.859Z
5195770,2023-05-03,24984,2023-05-04T08:34:00.000Z,cars.com scrapper,2023-05-04T15:28:00.859Z
LT1066A,2023-04-11,26829,2023-05-04T08:54:02.000Z,cars.com scrapper,2023-05-04T15:28:00.859Z
LT1066A,2023-04-14,26729,2023-05-04T08:54:02.000Z,cars.com scrapper,2023-05-04T15:28:00.859Z
LT1066A,2023-04-20,26629,2023-05-04T08:54:02.000Z,cars.com scrapper,2023-05-04T15:28:00.859Z
LT1066A,2023-04-26,28072,2023-05-04T08:54:02.000Z,cars.com scrapper,2023-05-04T15:28:00.859Z
LT1066A,2023-04-29,27698,2023-05-04T08:54:02.000Z,cars.com scrapper,2023-05-04T15:28:00.859Z
W617502A,2023-04-12,28000,2023-05-04T08:38:53.000Z,cars.com scrapper,2023-05-04T15:28:00.859Z
W617502A,2023-05-03,27500,2023-05-04T08:38:53.000Z,cars.com scrapper,2023-05-04T15:28:00.859Z
MX40663L,2023-03-05,30877,2023-05-04T08:50:03.000Z,cars.com scrapper,2023-05-04T15:28:00.859Z
MX40663L,2023-03-10,30977,2023-05-04T08:50:03.000Z,cars.com scrapper,2023-05-04T15:28:00.859Z
MX40663L,2023-03-16,30577,2023-05-04T08:50:03.000Z,cars.com scrapper,2023-05-04T15:28:00.859Z
MX40663L,2023-03-23,29977,2023-05-04T08:50:03.000Z,cars.com scrapper,2023-05-04T15:28:00.859Z
MX40663L,2023-03-29,29577,2023-05-04T08:50:03.000Z,cars.com scrapper,2023-05-04T15:28:00.859Z
MX40663L,2023-04-06,28977,2023-05-04T08:50:03.000Z,cars.com scrapper,2023-05-04T15:28:00.859Z
MX40663L,2023-04-17,28577,2023-05-04T08:50:03.000Z,cars.com scrapper,2023-05-04T15:28:00.859Z
MX40663L,2023-04-25,27977,2023-05-04T08:50:03.000Z,cars.com scrapper,2023-05-04T15:28:00.859Z
8318214A,2023-03-21,23958,2023-05-04T08:27:45.000Z,cars.com scrapper,2023-05-04T15:28:00.859Z
8318214A,2023-04-02,24671,2023-05-04T08:27:45.000Z,cars.com scrapper,2023-05-04T15:28:00.859Z
8318214A,2023-04-06,24471,2023-05-04T08:27:45.000Z,cars.com scrapper,2023-05-04T15:28:00.859Z
8318214A,2023-04-11,24224,2023-05-04T08:27:45.000Z,cars.com scrapper,2023-05-04T15:28:00.859Z
8318214A,2023-04-19,23490,2023-05-04T08:27:45.000Z,cars.com scrapper,2023-05-04T15:28:00.859Z
8318214A,2023-04-27,22979,2023-05-04T08:27:45.000Z,cars.com scrapper,2023-05-04T15:28:00.859Z
T315,2023-04-05,29994,2023-05-04T08:20:56.000Z,cars.com scrapper,2023-05-04T15:28:00.859Z
T315,2023-04-21,29499,2023-05-04T08:20:56.000Z,cars.com scrapper,2023-05-04T15:28:00.859Z
P234425A,2023-03-25,25500,2023-05-04T08:27:50.000Z,cars.com scrapper,2023-05-04T15:28:00.859Z
P234425A,2023-04-06,25000,2023-05-04T08:27:50.000Z,cars.com scrapper,2023-05-04T15:28:00.859Z
P234425A,2023-04-15,24000,2023-05-04T08:27:50.000Z,cars.com scrapper,2023-05-04T15:28:00.859Z
P234425A,2023-04-20,24750,2023-05-04T08:27:50.000Z,cars.com scrapper,2023-05-04T15:28:00.859Z
U93723L,2023-02-01,22559,2023-05-04T08:16:03.000Z,cars.com scrapper,2023-05-04T15:28:00.859Z
U93723L,2023-02-03,22965,2023-05-04T08:16:03.000Z,cars.com scrapper,2023-05-04T15:28:00.859Z
HL89137,2023-04-14,25488,2023-05-04T08:41:11.000Z,cars.com scrapper,2023-05-04T15:28:00.859Z
HL89137,2023-04-19,24988,2023-05-04T08:41:11.000Z,cars.com scrapper,2023-05-04T15:28:00.859Z
K30106A,2023-04-11,25489,2023-05-04T08:34:48.000Z,cars.com scrapper,2023-05-04T15:28:00.859Z
K30106A,2023-04-13,25063,2023-05-04T08:34:48.000Z,cars.com scrapper,2023-05-04T15:28:00.859Z
P4514,2023-03-28,22594,2023-05-04T08:28:47.000Z,cars.com scrapper,2023-05-04T15:28:00.859Z
P4514,2023-04-12,21988,2023-05-04T08:28:47.000Z,cars.com scrapper,2023-05-04T15:28:00.859Z
123852A,2023-04-03,34990,2023-05-04T08:14:25.000Z,cars.com scrapper,2023-05-04T15:28:00.859Z
123852A,2023-04-28,31990,2023-05-04T08:14:25.000Z,cars.com scrapper,2023-05-04T15:28:00.859Z
123852A,2023-05-02,28691,2023-05-04T08:14:25.000Z,cars.com scrapper,2023-05-04T15:28:00.859Z
SB45653A,2023-04-11,32560,2023-05-04T08:54:11.000Z,cars.com scrapper,2023-05-04T15:28:00.859Z
SB45653A,2023-04-14,31998,2023-05-04T08:54:11.000Z,cars.com scrapper,2023-05-04T15:28:00.859Z
SB45653A,2023-04-28,29998,2023-05-04T08:54:11.000Z,cars.com scrapper,2023-05-04T15:28:00.859Z
CPW405976,2023-03-31,30589,2023-05-04T08:30:29.000Z,cars.com scrapper,2023-05-04T15:28:00.859Z
CPW405976,2023-04-02,29989,2023-05-04T08:30:29.000Z,cars.com scrapper,2023-05-04T15:28:00.859Z
CPW405976,2023-04-07,29729,2023-05-04T08:30:29.000Z,cars.com scrapper,2023-05-04T15:28:00.859Z
CPW405976,2023-04-09,29189,2023-05-04T08:30:29.000Z,cars.com scrapper,2023-05-04T15:28:00.859Z
CPW405976,2023-04-16,28989,2023-05-04T08:30:29.000Z,cars.com scrapper,2023-05-04T15:28:00.859Z
CPW405976,2023-04-23,28689,2023-05-04T08:30:29.000Z,cars.com scrapper,2023-05-04T15:28:00.859Z
CPW405976,2023-04-30,28589,2023-05-04T08:30:29.000Z,cars.com scrapper,2023-05-04T15:28:00.859Z
1P1228,2023-02-14,22977,2023-05-04T08:35:37.000Z,cars.com scrapper,2023-05-04T15:28:00.859Z
1P1228,2023-04-09,22777,2023-05-04T08:35:37.000Z,cars.com scrapper,2023-05-04T15:28:00.859Z
1P1228,2023-04-17,21977,2023-05-04T08:35:37.000Z,cars.com scrapper,2023-05-04T15:28:00.859Z
1P1228,2023-04-19,25995,2023-05-04T08:35:37.000Z,cars.com scrapper,2023-05-04T15:28:00.859Z
23046,2022-09-21,30070,2023-05-04T08:57:43.000Z,cars.com scrapper,2023-05-04T15:28:00.859Z
23046,2023-01-26,29320,2023-05-04T08:57:43.000Z,cars.com scrapper,2023-05-04T15:28:00.859Z
23046,2023-03-03,28820,2023-05-04T08:57:43.000Z,cars.com scrapper,2023-05-04T15:28:00.859Z
23046,2023-05-02,28070,2023-05-04T08:57:43.000Z,cars.com scrapper,2023-05-04T15:28:00.859Z
PE007960,2023-04-21,29000,2023-05-04T08:47:36.000Z,cars.com scrapper,2023-05-04T15:28:00.859Z
PE007960,2023-04-22,28000,2023-05-04T08:47:36.000Z,cars.com scrapper,2023-05-04T15:28:00.859Z
CNTL230293,2023-04-03,27991,2023-05-04T08:33:01.000Z,cars.com scrapper,2023-05-04T15:28:00.859Z
CNTL230293,2023-04-28,27891,2023-05-04T08:33:01.000Z,cars.com scrapper,2023-05-04T15:28:00.859Z
HRSL4478,2023-04-07,24500,2023-05-04T08:43:41.000Z,cars.com scrapper,2023-05-04T15:28:00.859Z
HRSL4478,2023-04-14,24000,2023-05-04T08:43:41.000Z,cars.com scrapper,2023-05-04T15:28:00.859Z
HRSL4478,2023-04-22,23750,2023-05-04T08:43:41.000Z,cars.com scrapper,2023-05-04T15:28:00.859Z
HRSL4478,2023-04-28,23000,2023-05-04T08:43:41.000Z,cars.com scrapper,2023-05-04T15:28:00.859Z
RPK4968,2023-03-01,23400,2023-05-04T08:35:35.000Z,cars.com scrapper,2023-05-04T15:28:00.859Z
RPK4968,2023-03-08,22800,2023-05-04T08:35:35.000Z,cars.com scrapper,2023-05-04T15:28:00.859Z
RPK4968,2023-03-14,23900,2023-05-04T08:35:35.000Z,cars.com scrapper,2023-05-04T15:28:00.859Z
RPK4968,2023-03-21,22500,2023-05-04T08:35:35.000Z,cars.com scrapper,2023-05-04T15:28:00.859Z
RPK4968,2023-03-29,24000,2023-05-04T08:35:35.000Z,cars.com scrapper,2023-05-04T15:28:00.859Z
RPK4968,2023-04-05,24500,2023-05-04T08:35:35.000Z,cars.com scrapper,2023-05-04T15:28:00.859Z
RPK4968,2023-04-12,23000,2023-05-04T08:35:35.000Z,cars.com scrapper,2023-05-04T15:28:00.859Z
RPK4968,2023-04-19,22000,2023-05-04T08:35:35.000Z,cars.com scrapper,2023-05-04T15:28:00.859Z
RPK4968,2023-04-27,23300,2023-05-04T08:35:35.000Z,cars.com scrapper,2023-05-04T15:28:00.859Z
RPK4968,2023-05-01,24000,2023-05-04T08:35:35.000Z,cars.com scrapper,2023-05-04T15:28:00.859Z
RPK4968,2023-05-03,23000,2023-05-04T08:35:35.000Z,cars.com scrapper,2023-05-04T15:28:00.859Z
H15696-0,2023-04-07,29597,2023-05-04T08:42:11.000Z,cars.com scrapper,2023-05-04T15:28:00.859Z
H15696-0,2023-05-01,27977,2023-05-04T08:42:11.000Z,cars.com scrapper,2023-05-04T15:28:00.859Z
X6651,2023-03-25,24994,2023-05-04T08:27:58.000Z,cars.com scrapper,2023-05-04T15:28:00.859Z
X6651,2023-04-10,23994,2023-05-04T08:27:58.000Z,cars.com scrapper,2023-05-04T15:28:00.859Z
LA15141,2023-04-11,27578,2023-05-04T08:45:28.000Z,cars.com scrapper,2023-05-04T15:28:00.859Z
LA15141,2023-04-29,25400,2023-05-04T08:45:28.000Z,cars.com scrapper,2023-05-04T15:28:00.859Z
LA14921,2023-03-21,31990,2023-05-04T08:43:32.000Z,cars.com scrapper,2023-05-04T15:28:00.859Z
LA14921,2023-03-28,28990,2023-05-04T08:43:32.000Z,cars.com scrapper,2023-05-04T15:28:00.859Z
LA14921,2023-04-07,27990,2023-05-04T08:43:32.000Z,cars.com scrapper,2023-05-04T15:28:00.859Z
TPN308667,2023-02-07,29998,2023-05-04T08:26:42.000Z,cars.com scrapper,2023-05-04T15:28:00.859Z
TPN308667,2023-03-07,29486,2023-05-04T08:26:42.000Z,cars.com scrapper,2023-05-04T15:28:00.859Z
TPN308667,2023-03-17,29328,2023-05-04T08:26:42.000Z,cars.com scrapper,2023-05-04T15:28:00.859Z
TPN308667,2023-03-30,27996,2023-05-04T08:26:42.000Z,cars.com scrapper,2023-05-04T15:28:00.859Z
G256482,2023-04-19,27487,2023-05-04T08:54:18.000Z,cars.com scrapper,2023-05-04T15:28:00.859Z
G256482,2023-04-25,27204,2023-05-04T08:54:18.000Z,cars.com scrapper,2023-05-04T15:28:00.859Z
G256482,2023-05-01,26998,2023-05-04T08:54:18.000Z,cars.com scrapper,2023-05-04T15:28:00.859Z
N4545A,2023-04-13,28000,2023-05-04T08:29:40.000Z,cars.com scrapper,2023-05-04T15:28:00.859Z
N4545A,2023-04-19,27000,2023-05-04T08:29:40.000Z,cars.com scrapper,2023-05-04T15:28:00.859Z
N4545A,2023-04-28,26500,2023-05-04T08:29:40.000Z,cars.com scrapper,2023-05-04T15:28:00.859Z
N4545A,2023-05-03,27500,2023-05-04T08:29:40.000Z,cars.com scrapper,2023-05-04T15:28:00.859Z
704629,2023-03-17,27988,2023-05-04T08:27:26.000Z,cars.com scrapper,2023-05-04T15:28:00.859Z
704629,2023-03-18,27880,2023-05-04T08:27:26.000Z,cars.com scrapper,2023-05-04T15:28:00.859Z
704629,2023-03-28,27755,2023-05-04T08:27:26.000Z,cars.com scrapper,2023-05-04T15:28:00.859Z
704629,2023-04-17,26500,2023-05-04T08:27:26.000Z,cars.com scrapper,2023-05-04T15:28:00.859Z
704629,2023-04-26,26000,2023-05-04T08:27:26.000Z,cars.com scrapper,2023-05-04T15:28:00.859Z
PU079076A,2023-04-12,30500,2023-05-04T08:17:34.000Z,cars.com scrapper,2023-05-04T15:28:00.859Z
PU079076A,2023-04-19,29995,2023-05-04T08:17:34.000Z,cars.com scrapper,2023-05-04T15:28:00.859Z
P1019,2023-03-12,25000,2023-05-04T08:43:39.000Z,cars.com scrapper,2023-05-04T15:28:00.859Z
P1019,2023-03-21,24761,2023-05-04T08:43:39.000Z,cars.com scrapper,2023-05-04T15:28:00.859Z
P1019,2023-04-09,24500,2023-05-04T08:43:39.000Z,cars.com scrapper,2023-05-04T15:28:00.859Z
P1019,2023-04-28,24326,2023-05-04T08:43:39.000Z,cars.com scrapper,2023-05-04T15:28:00.859Z
5P0877,2022-11-14,30963,2023-05-04T08:44:58.000Z,cars.com scrapper,2023-05-04T15:28:00.859Z
5P0877,2023-01-13,28998,2023-05-04T08:44:58.000Z,cars.com scrapper,2023-05-04T15:28:00.859Z
PA250505L,2023-04-11,28999,2023-05-04T08:17:21.000Z,cars.com scrapper,2023-05-04T15:28:00.859Z
PA250505L,2023-04-19,28899,2023-05-04T08:17:21.000Z,cars.com scrapper,2023-05-04T15:28:00.859Z
PA250505L,2023-04-27,28399,2023-05-04T08:17:21.000Z,cars.com scrapper,2023-05-04T15:28:00.859Z
16684A,2023-04-24,28725,2023-05-04T08:38:16.000Z,cars.com scrapper,2023-05-04T15:28:00.859Z
16684A,2023-04-25,27550,2023-05-04T08:38:16.000Z,cars.com scrapper,2023-05-04T15:28:00.859Z
16684A,2023-04-26,26900,2023-05-04T08:38:16.000Z,cars.com scrapper,2023-05-04T15:28:00.859Z
SY23304,2023-03-17,30145,2023-05-04T08:57:45.000Z,cars.com scrapper,2023-05-04T15:28:00.859Z
SY23304,2023-03-28,29874,2023-05-04T08:57:45.000Z,cars.com scrapper,2023-05-04T15:28:00.859Z
SY23304,2023-04-06,29674,2023-05-04T08:57:45.000Z,cars.com scrapper,2023-05-04T15:28:00.859Z
SY23304,2023-04-14,29874,2023-05-04T08:57:45.000Z,cars.com scrapper,2023-05-04T15:28:00.859Z
SY23304,2023-04-22,29674,2023-05-04T08:57:45.000Z,cars.com scrapper,2023-05-04T15:28:00.859Z
SY23304,2023-05-03,29454,2023-05-04T08:57:45.000Z,cars.com scrapper,2023-05-04T15:28:00.859Z
PF148217,2023-04-19,25995,2023-05-04T08:48:51.000Z,cars.com scrapper,2023-05-04T15:28:00.859Z
PF148217,2023-04-21,25695,2023-05-04T08:48:51.000Z,cars.com scrapper,2023-05-04T15:28:00.859Z
PF148217,2023-04-29,26495,2023-05-04T08:48:51.000Z,cars.com scrapper,2023-05-04T15:28:00.859Z
PF148217,2023-04-30,25995,2023-05-04T08:48:51.000Z,cars.com scrapper,2023-05-04T15:28:00.859Z
HPT1478,2023-04-19,26995,2023-05-04T08:38:43.000Z,cars.com scrapper,2023-05-04T15:28:00.859Z
HPT1478,2023-04-24,26767,2023-05-04T08:38:43.000Z,cars.com scrapper,2023-05-04T15:28:00.859Z
HPT1478,2023-04-26,26280,2023-05-04T08:38:43.000Z,cars.com scrapper,2023-05-04T15:28:00.859Z
HPT1478,2023-05-01,25945,2023-05-04T08:38:43.000Z,cars.com scrapper,2023-05-04T15:28:00.859Z
KPE538886A,2023-02-10,21995,2023-05-04T08:42:59.000Z,cars.com scrapper,2023-05-04T15:28:00.859Z
KPE538886A,2023-04-07,21377,2023-05-04T08:42:59.000Z,cars.com scrapper,2023-05-04T15:28:00.859Z
M6853,2023-04-01,27799,2023-05-04T08:27:14.000Z,cars.com scrapper,2023-05-04T15:28:00.859Z
M6853,2023-04-11,27299,2023-05-04T08:27:14.000Z,cars.com scrapper,2023-05-04T15:28:00.859Z
M6853,2023-04-19,26999,2023-05-04T08:27:14.000Z,cars.com scrapper,2023-05-04T15:28:00.859Z
M6853,2023-04-27,26899,2023-05-04T08:27:14.000Z,cars.com scrapper,2023-05-04T15:28:00.859Z
5P0860,2022-10-11,31986,2023-05-04T08:34:30.000Z,cars.com scrapper,2023-05-04T15:28:00.859Z
5P0860,2023-01-13,27998,2023-05-04T08:34:30.000Z,cars.com scrapper,2023-05-04T15:28:00.859Z
5P0860,2023-02-27,28610,2023-05-04T08:34:30.000Z,cars.com scrapper,2023-05-04T15:28:00.859Z
X6634,2023-03-03,25015,2023-05-04T08:12:26.000Z,cars.com scrapper,2023-05-04T15:28:00.859Z
X6634,2023-03-08,23168,2023-05-04T08:12:26.000Z,cars.com scrapper,2023-05-04T15:28:00.859Z
X6634,2023-03-25,22994,2023-05-04T08:12:26.000Z,cars.com scrapper,2023-05-04T15:28:00.859Z
X6634,2023-04-10,23459,2023-05-04T08:12:26.000Z,cars.com scrapper,2023-05-04T15:28:00.859Z
X6634,2023-04-30,19994,2023-05-04T08:12:26.000Z,cars.com scrapper,2023-05-04T15:28:00.859Z
PA9608,2023-03-21,29900,2023-05-04T08:15:03.000Z,cars.com scrapper,2023-05-04T15:28:00.859Z
PA9608,2023-04-09,29696,2023-05-04T08:15:03.000Z,cars.com scrapper,2023-05-04T15:28:00.859Z
PA9608,2023-04-23,29500,2023-05-04T08:15:03.000Z,cars.com scrapper,2023-05-04T15:28:00.859Z
PA9608,2023-05-01,29323,2023-05-04T08:15:03.000Z,cars.com scrapper,2023-05-04T15:28:00.859Z
O678502,2023-02-24,29991,2023-05-04T08:57:50.000Z,cars.com scrapper,2023-05-04T15:28:00.859Z
O678502,2023-03-08,28992,2023-05-04T08:57:50.000Z,cars.com scrapper,2023-05-04T15:28:00.859Z
O678502,2023-03-18,28892,2023-05-04T08:57:50.000Z,cars.com scrapper,2023-05-04T15:28:00.859Z
O678502,2023-03-31,27993,2023-05-04T08:57:50.000Z,cars.com scrapper,2023-05-04T15:28:00.859Z
O678502,2023-04-07,26994,2023-05-04T08:57:50.000Z,cars.com scrapper,2023-05-04T15:28:00.859Z
N230545A,2023-04-20,25897,2023-05-04T08:36:35.000Z,cars.com scrapper,2023-05-04T15:28:00.859Z
N230545A,2023-04-21,24597,2023-05-04T08:36:35.000Z,cars.com scrapper,2023-05-04T15:28:00.859Z
N230545A,2023-04-28,22997,2023-05-04T08:36:35.000Z,cars.com scrapper,2023-05-04T15:28:00.859Z
U766258,2023-02-15,28730,2023-05-04T08:15:53.000Z,cars.com scrapper,2023-05-04T15:28:00.859Z
U766258,2023-03-09,28574,2023-05-04T08:15:53.000Z,cars.com scrapper,2023-05-04T15:28:00.859Z
U766258,2023-03-18,27912,2023-05-04T08:15:53.000Z,cars.com scrapper,2023-05-04T15:28:00.859Z
U766258,2023-03-25,29900,2023-05-04T08:15:53.000Z,cars.com scrapper,2023-05-04T15:28:00.859Z
U766258,2023-03-31,29304,2023-05-04T08:15:53.000Z,cars.com scrapper,2023-05-04T15:28:00.859Z
U766258,2023-04-12,29500,2023-05-04T08:15:53.000Z,cars.com scrapper,2023-05-04T15:28:00.859Z
U766258,2023-04-20,29400,2023-05-04T08:15:53.000Z,cars.com scrapper,2023-05-04T15:28:00.859Z
U766258,2023-04-22,29000,2023-05-04T08:15:53.000Z,cars.com scrapper,2023-05-04T15:28:00.859Z
U766258,2023-05-02,28500,2023-05-04T08:15:53.000Z,cars.com scrapper,2023-05-04T15:28:00.859Z
L17603V,2023-04-13,27483,2023-05-04T08:46:15.000Z,cars.com scrapper,2023-05-04T15:28:00.859Z
L17603V,2023-04-20,26995,2023-05-04T08:46:15.000Z,cars.com scrapper,2023-05-04T15:28:00.859Z
L17603V,2023-05-01,26695,2023-05-04T08:46:15.000Z,cars.com scrapper,2023-05-04T15:28:00.859Z
M382338U,2022-12-22,26959,2023-05-04T08:40:26.000Z,cars.com scrapper,2023-05-04T15:28:00.859Z
M382338U,2022-12-30,26459,2023-05-04T08:40:26.000Z,cars.com scrapper,2023-05-04T15:28:00.859Z
M382338U,2023-01-17,26959,2023-05-04T08:40:26.000Z,cars.com scrapper,2023-05-04T15:28:00.859Z
M382338U,2023-01-26,26459,2023-05-04T08:40:26.000Z,cars.com scrapper,2023-05-04T15:28:00.859Z
M382338U,2023-02-03,26959,2023-05-04T08:40:26.000Z,cars.com scrapper,2023-05-04T15:28:00.859Z
M382338U,2023-02-10,25959,2023-05-04T08:40:26.000Z,cars.com scrapper,2023-05-04T15:28:00.859Z
M382338U,2023-02-19,27959,2023-05-04T08:40:26.000Z,cars.com scrapper,2023-05-04T15:28:00.859Z
M382338U,2023-02-28,27459,2023-05-04T08:40:26.000Z,cars.com scrapper,2023-05-04T15:28:00.859Z
M382338U,2023-03-09,27959,2023-05-04T08:40:26.000Z,cars.com scrapper,2023-05-04T15:28:00.859Z
M382338U,2023-03-17,27459,2023-05-04T08:40:26.000Z,cars.com scrapper,2023-05-04T15:28:00.859Z
M382338U,2023-03-28,26959,2023-05-04T08:40:26.000Z,cars.com scrapper,2023-05-04T15:28:00.859Z
M382338U,2023-04-05,26459,2023-05-04T08:40:26.000Z,cars.com scrapper,2023-05-04T15:28:00.859Z
M382338U,2023-04-13,26259,2023-05-04T08:40:26.000Z,cars.com scrapper,2023-05-04T15:28:00.859Z
M382338U,2023-04-20,26959,2023-05-04T08:40:26.000Z,cars.com scrapper,2023-05-04T15:28:00.859Z
M382338U,2023-04-28,26459,2023-05-04T08:40:26.000Z,cars.com scrapper,2023-05-04T15:28:00.859Z
M382338U,2023-05-02,26259,2023-05-04T08:40:26.000Z,cars.com scrapper,2023-05-04T15:28:00.859Z
P13003,2023-03-19,30950,2023-05-04T08:48:01.000Z,cars.com scrapper,2023-05-04T15:28:00.859Z
P13003,2023-03-24,30750,2023-05-04T08:48:01.000Z,cars.com scrapper,2023-05-04T15:28:00.859Z
P13003,2023-04-03,29950,2023-05-04T08:48:01.000Z,cars.com scrapper,2023-05-04T15:28:00.859Z
P13003,2023-04-11,29500,2023-05-04T08:48:01.000Z,cars.com scrapper,2023-05-04T15:28:00.859Z
P13003,2023-04-20,28950,2023-05-04T08:48:01.000Z,cars.com scrapper,2023-05-04T15:28:00.859Z
P13003,2023-04-28,28750,2023-05-04T08:48:01.000Z,cars.com scrapper,2023-05-04T15:28:00.859Z
6249BQ,2023-02-25,29949,2023-05-04T08:22:43.000Z,cars.com scrapper,2023-05-04T15:28:00.859Z
6249BQ,2023-03-30,29540,2023-05-04T08:22:43.000Z,cars.com scrapper,2023-05-04T15:28:00.859Z
6249BQ,2023-04-20,28970,2023-05-04T08:22:43.000Z,cars.com scrapper,2023-05-04T15:28:00.859Z
6249BQ,2023-04-27,28540,2023-05-04T08:22:43.000Z,cars.com scrapper,2023-05-04T15:28:00.859Z
035400,2023-03-08,27990,2023-05-04T08:15:27.000Z,cars.com scrapper,2023-05-04T15:28:00.859Z
035400,2023-04-28,26990,2023-05-04T08:15:27.000Z,cars.com scrapper,2023-05-04T15:28:00.859Z
HP54089,2022-09-22,30145,2023-05-04T08:30:10.000Z,cars.com scrapper,2023-05-04T15:28:00.859Z
HP54089,2022-10-15,29145,2023-05-04T08:30:10.000Z,cars.com scrapper,2023-05-04T15:28:00.859Z
HP54089,2022-12-02,30145,2023-05-04T08:30:10.000Z,cars.com scrapper,2023-05-04T15:28:00.859Z
HP54089,2023-01-31,29700,2023-05-04T08:30:10.000Z,cars.com scrapper,2023-05-04T15:28:00.859Z
HP54089,2023-02-08,29400,2023-05-04T08:30:10.000Z,cars.com scrapper,2023-05-04T15:28:00.859Z
HP54089,2023-02-17,28900,2023-05-04T08:30:10.000Z,cars.com scrapper,2023-05-04T15:28:00.859Z
HP54089,2023-02-24,28300,2023-05-04T08:30:10.000Z,cars.com scrapper,2023-05-04T15:28:00.859Z
HP54089,2023-03-30,27300,2023-05-04T08:30:10.000Z,cars.com scrapper,2023-05-04T15:28:00.859Z
HP54089,2023-04-06,26900,2023-05-04T08:30:10.000Z,cars.com scrapper,2023-05-04T15:28:00.859Z
HP54089,2023-04-15,27900,2023-05-04T08:30:10.000Z,cars.com scrapper,2023-05-04T15:28:00.859Z
HP54089,2023-04-22,27600,2023-05-04T08:30:10.000Z,cars.com scrapper,2023-05-04T15:28:00.859Z
HP54089,2023-04-28,27300,2023-05-04T08:30:10.000Z,cars.com scrapper,2023-05-04T15:28:00.859Z
C10966A,2023-03-20,25995,2023-05-04T08:28:10.000Z,cars.com scrapper,2023-05-04T15:28:00.859Z
C10966A,2023-03-30,28500,2023-05-04T08:28:10.000Z,cars.com scrapper,2023-05-04T15:28:00.859Z
C10966A,2023-04-10,27991,2023-05-04T08:28:10.000Z,cars.com scrapper,2023-05-04T15:28:00.859Z
C10966A,2023-04-17,28995,2023-05-04T08:28:10.000Z,cars.com scrapper,2023-05-04T15:28:00.859Z
C10966A,2023-05-01,26495,2023-05-04T08:28:10.000Z,cars.com scrapper,2023-05-04T15:28:00.859Z
23092,2023-03-11,28953,2023-05-04T08:28:03.000Z,cars.com scrapper,2023-05-04T15:28:00.859Z
23092,2023-04-26,27953,2023-05-04T08:28:03.000Z,cars.com scrapper,2023-05-04T15:28:00.859Z
29640B,2023-04-20,28997,2023-05-04T08:32:09.000Z,cars.com scrapper,2023-05-04T15:28:00.859Z
29640B,2023-04-28,28777,2023-05-04T08:32:09.000Z,cars.com scrapper,2023-05-04T15:28:00.859Z
SY23332,2023-03-31,26978,2023-05-04T08:52:09.000Z,cars.com scrapper,2023-05-04T15:28:00.859Z
SY23332,2023-04-07,26578,2023-05-04T08:52:09.000Z,cars.com scrapper,2023-05-04T15:28:00.859Z
SY23332,2023-04-15,26997,2023-05-04T08:52:09.000Z,cars.com scrapper,2023-05-04T15:28:00.859Z
SY23332,2023-04-24,26797,2023-05-04T08:52:09.000Z,cars.com scrapper,2023-05-04T15:28:00.859Z
SY23332,2023-05-03,26592,2023-05-04T08:52:09.000Z,cars.com scrapper,2023-05-04T15:28:00.859Z
O677005,2023-03-15,28992,2023-05-04T08:41:50.000Z,cars.com scrapper,2023-05-04T15:28:00.859Z
O677005,2023-03-31,28593,2023-05-04T08:41:50.000Z,cars.com scrapper,2023-05-04T15:28:00.859Z
O677005,2023-04-07,26994,2023-05-04T08:41:50.000Z,cars.com scrapper,2023-05-04T15:28:00.859Z
H23120A,2023-02-09,28990,2023-05-04T08:51:59.000Z,cars.com scrapper,2023-05-04T15:28:00.859Z
H23120A,2023-03-16,28550,2023-05-04T08:51:59.000Z,cars.com scrapper,2023-05-04T15:28:00.859Z
H23120A,2023-04-11,27990,2023-05-04T08:51:59.000Z,cars.com scrapper,2023-05-04T15:28:00.859Z
123459A,2023-03-01,29499,2023-05-04T08:40:54.000Z,cars.com scrapper,2023-05-04T15:28:00.859Z
123459A,2023-03-04,27860,2023-05-04T08:40:54.000Z,cars.com scrapper,2023-05-04T15:28:00.859Z
123459A,2023-03-21,31860,2023-05-04T08:40:54.000Z,cars.com scrapper,2023-05-04T15:28:00.859Z
123459A,2023-03-24,30597,2023-05-04T08:40:54.000Z,cars.com scrapper,2023-05-04T15:28:00.859Z
123459A,2023-04-03,31084,2023-05-04T08:40:54.000Z,cars.com scrapper,2023-05-04T15:28:00.859Z
123459A,2023-04-19,29500,2023-05-04T08:40:54.000Z,cars.com scrapper,2023-05-04T15:28:00.859Z
123459A,2023-04-24,28499,2023-05-04T08:40:54.000Z,cars.com scrapper,2023-05-04T15:28:00.859Z
123459A,2023-05-01,28642,2023-05-04T08:40:54.000Z,cars.com scrapper,2023-05-04T15:28:00.859Z
PM326922,2023-02-22,28059,2023-05-04T08:37:48.000Z,cars.com scrapper,2023-05-04T15:28:00.859Z
PM326922,2023-02-27,29309,2023-05-04T08:37:48.000Z,cars.com scrapper,2023-05-04T15:28:00.859Z
PM326922,2023-03-02,30059,2023-05-04T08:37:48.000Z,cars.com scrapper,2023-05-04T15:28:00.859Z
PM326922,2023-03-18,28759,2023-05-04T08:37:48.000Z,cars.com scrapper,2023-05-04T15:28:00.859Z
PM326922,2023-03-20,30059,2023-05-04T08:37:48.000Z,cars.com scrapper,2023-05-04T15:28:00.859Z
PM326922,2023-03-23,28959,2023-05-04T08:37:48.000Z,cars.com scrapper,2023-05-04T15:28:00.859Z
PM326922,2023-03-30,30059,2023-05-04T08:37:48.000Z,cars.com scrapper,2023-05-04T15:28:00.859Z
PM326922,2023-04-10,28759,2023-05-04T08:37:48.000Z,cars.com scrapper,2023-05-04T15:28:00.859Z
PM326922,2023-04-17,27859,2023-05-04T08:37:48.000Z,cars.com scrapper,2023-05-04T15:28:00.859Z
PM326922,2023-04-29,28977,2023-05-04T08:37:48.000Z,cars.com scrapper,2023-05-04T15:28:00.859Z
1843T,2023-03-28,28515,2023-05-04T08:31:08.000Z,cars.com scrapper,2023-05-04T15:28:00.859Z
1843T,2023-03-30,33515,2023-05-04T08:31:08.000Z,cars.com scrapper,2023-05-04T15:28:00.859Z
1843T,2023-04-14,31413,2023-05-04T08:31:08.000Z,cars.com scrapper,2023-05-04T15:28:00.859Z
1843T,2023-04-21,29987,2023-05-04T08:31:08.000Z,cars.com scrapper,2023-05-04T15:28:00.859Z
1843T,2023-04-26,29357,2023-05-04T08:31:08.000Z,cars.com scrapper,2023-05-04T15:28:00.859Z
12623,2022-12-09,29070,2023-05-04T08:38:23.000Z,cars.com scrapper,2023-05-04T15:28:00.859Z
12623,2022-12-20,27992,2023-05-04T08:38:23.000Z,cars.com scrapper,2023-05-04T15:28:00.859Z
12623,2023-01-04,28492,2023-05-04T08:38:23.000Z,cars.com scrapper,2023-05-04T15:28:00.859Z
12623,2023-01-05,27992,2023-05-04T08:38:23.000Z,cars.com scrapper,2023-05-04T15:28:00.859Z
12623,2023-01-06,27242,2023-05-04T08:38:23.000Z,cars.com scrapper,2023-05-04T15:28:00.859Z
12623,2023-03-01,28492,2023-05-04T08:38:23.000Z,cars.com scrapper,2023-05-04T15:28:00.859Z
12623,2023-03-02,27242,2023-05-04T08:38:23.000Z,cars.com scrapper,2023-05-04T15:28:00.859Z
12623,2023-04-04,29570,2023-05-04T08:38:23.000Z,cars.com scrapper,2023-05-04T15:28:00.859Z
12623,2023-04-05,28820,2023-05-04T08:38:23.000Z,cars.com scrapper,2023-05-04T15:28:00.859Z
12623,2023-04-27,26992,2023-05-04T08:38:23.000Z,cars.com scrapper,2023-05-04T15:28:00.859Z
12623,2023-05-02,27742,2023-05-04T08:38:23.000Z,cars.com scrapper,2023-05-04T15:28:00.859Z
12623,2023-05-03,26992,2023-05-04T08:38:23.000Z,cars.com scrapper,2023-05-04T15:28:00.859Z
3C0067,2023-04-01,28000,2023-05-04T08:24:05.000Z,cars.com scrapper,2023-05-04T15:28:00.859Z
3C0067,2023-04-09,27750,2023-05-04T08:24:05.000Z,cars.com scrapper,2023-05-04T15:28:00.859Z
3C0067,2023-04-26,27000,2023-05-04T08:24:05.000Z,cars.com scrapper,2023-05-04T15:28:00.859Z
NJAL78,2023-03-20,29799,2023-05-04T08:17:12.000Z,cars.com scrapper,2023-05-04T15:28:00.859Z
NJAL78,2023-04-05,29299,2023-05-04T08:17:12.000Z,cars.com scrapper,2023-05-04T15:28:00.859Z
NJAL78,2023-04-11,27900,2023-05-04T08:17:12.000Z,cars.com scrapper,2023-05-04T15:28:00.859Z
NJAL78,2023-04-24,28499,2023-05-04T08:17:12.000Z,cars.com scrapper,2023-05-04T15:28:00.859Z
22351A,2023-04-07,29787,2023-05-04T08:21:45.000Z,cars.com scrapper,2023-05-04T15:28:00.859Z
22351A,2023-04-08,28155,2023-05-04T08:21:45.000Z,cars.com scrapper,2023-05-04T15:28:00.859Z
22351A,2023-04-18,27411,2023-05-04T08:21:45.000Z,cars.com scrapper,2023-05-04T15:28:00.859Z
22351A,2023-04-20,27274,2023-05-04T08:21:45.000Z,cars.com scrapper,2023-05-04T15:28:00.859Z
22351A,2023-04-22,27008,2023-05-04T08:21:45.000Z,cars.com scrapper,2023-05-04T15:28:00.859Z
22351A,2023-04-24,27278,2023-05-04T08:21:45.000Z,cars.com scrapper,2023-05-04T15:28:00.859Z
22351A,2023-05-02,27457,2023-05-04T08:21:45.000Z,cars.com scrapper,2023-05-04T15:28:00.859Z
S3C327915A,2023-04-14,27521,2023-05-04T08:43:48.000Z,cars.com scrapper,2023-05-04T15:28:00.859Z
S3C327915A,2023-04-22,26995,2023-05-04T08:43:48.000Z,cars.com scrapper,2023-05-04T15:28:00.859Z
947711W,2023-03-15,26990,2023-05-04T08:36:04.000Z,cars.com scrapper,2023-05-04T15:28:00.859Z
947711W,2023-04-27,26388,2023-05-04T08:36:04.000Z,cars.com scrapper,2023-05-04T15:28:00.859Z
U31845,2023-01-14,29443,2023-05-04T08:40:28.000Z,cars.com scrapper,2023-05-04T15:28:00.859Z
U31845,2023-01-15,29156,2023-05-04T08:40:28.000Z,cars.com scrapper,2023-05-04T15:28:00.859Z
U31845,2023-01-16,29990,2023-05-04T08:40:28.000Z,cars.com scrapper,2023-05-04T15:28:00.859Z
U31845,2023-02-01,29799,2023-05-04T08:40:28.000Z,cars.com scrapper,2023-05-04T15:28:00.859Z
U31845,2023-02-07,27599,2023-05-04T08:40:28.000Z,cars.com scrapper,2023-05-04T15:28:00.859Z
U31845,2023-02-15,27499,2023-05-04T08:40:28.000Z,cars.com scrapper,2023-05-04T15:28:00.859Z
U31845,2023-02-24,27399,2023-05-04T08:40:28.000Z,cars.com scrapper,2023-05-04T15:28:00.859Z
U31845,2023-03-04,27099,2023-05-04T08:40:28.000Z,cars.com scrapper,2023-05-04T15:28:00.859Z
U31845,2023-03-06,25799,2023-05-04T08:40:28.000Z,cars.com scrapper,2023-05-04T15:28:00.859Z
U31845,2023-03-17,25599,2023-05-04T08:40:28.000Z,cars.com scrapper,2023-05-04T15:28:00.859Z
U31845,2023-03-25,25299,2023-05-04T08:40:28.000Z,cars.com scrapper,2023-05-04T15:28:00.859Z
U31845,2023-04-02,25099,2023-05-04T08:40:28.000Z,cars.com scrapper,2023-05-04T15:28:00.859Z
U31845,2023-04-10,24599,2023-05-04T08:40:28.000Z,cars.com scrapper,2023-05-04T15:28:00.859Z
U31845,2023-04-20,24099,2023-05-04T08:40:28.000Z,cars.com scrapper,2023-05-04T15:28:00.859Z
U31845,2023-04-28,23599,2023-05-04T08:40:28.000Z,cars.com scrapper,2023-05-04T15:28:00.859Z
PU948436L,2023-04-12,29679,2023-05-04T08:45:31.000Z,cars.com scrapper,2023-05-04T15:28:00.859Z
PU948436L,2023-04-17,28972,2023-05-04T08:45:31.000Z,cars.com scrapper,2023-05-04T15:28:00.859Z
PU948436L,2023-04-28,29679,2023-05-04T08:45:31.000Z,cars.com scrapper,2023-05-04T15:28:00.859Z
NP6391,2023-04-23,27698,2023-05-04T08:18:47.000Z,cars.com scrapper,2023-05-04T15:28:00.859Z
NP6391,2023-04-29,26998,2023-05-04T08:18:47.000Z,cars.com scrapper,2023-05-04T15:28:00.859Z
P504,2023-03-17,28000,2023-05-04T08:35:25.000Z,cars.com scrapper,2023-05-04T15:28:00.859Z
P504,2023-03-20,25590,2023-05-04T08:35:25.000Z,cars.com scrapper,2023-05-04T15:28:00.859Z
P504,2023-03-26,25000,2023-05-04T08:35:25.000Z,cars.com scrapper,2023-05-04T15:28:00.859Z
P504,2023-04-05,23598,2023-05-04T08:35:25.000Z,cars.com scrapper,2023-05-04T15:28:00.859Z
P504,2023-04-12,23399,2023-05-04T08:35:25.000Z,cars.com scrapper,2023-05-04T15:28:00.859Z
P504,2023-04-22,21909,2023-05-04T08:35:25.000Z,cars.com scrapper,2023-05-04T15:28:00.859Z
P504,2023-05-01,24430,2023-05-04T08:35:25.000Z,cars.com scrapper,2023-05-04T15:28:00.859Z
V3120A,2023-04-26,28500,2023-05-04T08:55:39.000Z,cars.com scrapper,2023-05-04T15:28:00.859Z
V3120A,2023-04-28,27900,2023-05-04T08:55:39.000Z,cars.com scrapper,2023-05-04T15:28:00.859Z
3YZ0541,2023-04-11,30678,2023-05-04T08:22:38.000Z,cars.com scrapper,2023-05-04T15:28:00.859Z
3YZ0541,2023-04-18,30144,2023-05-04T08:22:38.000Z,cars.com scrapper,2023-05-04T15:28:00.859Z
3YZ0541,2023-04-27,29689,2023-05-04T08:22:38.000Z,cars.com scrapper,2023-05-04T15:28:00.859Z
P6776,2023-03-31,35141,2023-05-04T08:28:59.000Z,cars.com scrapper,2023-05-04T15:28:00.859Z
P6776,2023-04-05,34879,2023-05-04T08:28:59.000Z,cars.com scrapper,2023-05-04T15:28:00.859Z
P6776,2023-04-12,33517,2023-05-04T08:28:59.000Z,cars.com scrapper,2023-05-04T15:28:00.859Z
P6776,2023-04-19,32085,2023-05-04T08:28:59.000Z,cars.com scrapper,2023-05-04T15:28:00.859Z
P6776,2023-04-24,31478,2023-05-04T08:28:59.000Z,cars.com scrapper,2023-05-04T15:28:00.859Z
P6776,2023-04-27,30853,2023-05-04T08:28:59.000Z,cars.com scrapper,2023-05-04T15:28:00.859Z
P6776,2023-05-02,29885,2023-05-04T08:28:59.000Z,cars.com scrapper,2023-05-04T15:28:00.859Z
G1177,2023-03-23,28966,2023-05-04T08:25:16.000Z,cars.com scrapper,2023-05-04T15:28:00.859Z
G1177,2023-04-03,28618,2023-05-04T08:25:16.000Z,cars.com scrapper,2023-05-04T15:28:00.859Z
G1177,2023-04-11,28518,2023-05-04T08:25:16.000Z,cars.com scrapper,2023-05-04T15:28:00.859Z
G1177,2023-04-20,28418,2023-05-04T08:25:16.000Z,cars.com scrapper,2023-05-04T15:28:00.859Z
G1177,2023-05-01,28272,2023-05-04T08:25:16.000Z,cars.com scrapper,2023-05-04T15:28:00.859Z
U15462,2023-03-24,25996,2023-05-04T08:31:19.000Z,cars.com scrapper,2023-05-04T15:28:00.859Z
U15462,2023-03-28,24234,2023-05-04T08:31:19.000Z,cars.com scrapper,2023-05-04T15:28:00.859Z
U15462,2023-04-03,22731,2023-05-04T08:31:19.000Z,cars.com scrapper,2023-05-04T15:28:00.859Z
U15462,2023-04-10,22322,2023-05-04T08:31:19.000Z,cars.com scrapper,2023-05-04T15:28:00.859Z
U15462,2023-04-20,22996,2023-05-04T08:31:19.000Z,cars.com scrapper,2023-05-04T15:28:00.859Z
U15462,2023-04-29,22496,2023-05-04T08:31:19.000Z,cars.com scrapper,2023-05-04T15:28:00.859Z
22192CK,2023-04-23,19999,2023-05-04T08:12:34.000Z,cars.com scrapper,2023-05-04T15:28:00.859Z
22192CK,2023-04-30,18499,2023-05-04T08:12:34.000Z,cars.com scrapper,2023-05-04T15:28:00.859Z
D1157,2023-04-06,29500,2023-05-04T08:22:11.000Z,cars.com scrapper,2023-05-04T15:28:00.859Z
D1157,2023-04-10,30265,2023-05-04T08:22:11.000Z,cars.com scrapper,2023-05-04T15:28:00.859Z
D1157,2023-04-19,30165,2023-05-04T08:22:11.000Z,cars.com scrapper,2023-05-04T15:28:00.859Z
D1157,2023-04-27,29961,2023-05-04T08:22:11.000Z,cars.com scrapper,2023-05-04T15:28:00.859Z
123696A,2023-03-18,28860,2023-05-04T08:26:09.000Z,cars.com scrapper,2023-05-04T15:28:00.859Z
123696A,2023-03-31,28475,2023-05-04T08:26:09.000Z,cars.com scrapper,2023-05-04T15:28:00.859Z
123696A,2023-04-24,26990,2023-05-04T08:26:09.000Z,cars.com scrapper,2023-05-04T15:28:00.859Z
HP0484A,2023-03-14,28020,2023-05-04T08:36:26.000Z,cars.com scrapper,2023-05-04T15:28:00.859Z
HP0484A,2023-03-22,28700,2023-05-04T08:36:26.000Z,cars.com scrapper,2023-05-04T15:28:00.859Z
HP0484A,2023-03-27,27898,2023-05-04T08:36:26.000Z,cars.com scrapper,2023-05-04T15:28:00.859Z
HP0484A,2023-04-04,27610,2023-05-04T08:36:26.000Z,cars.com scrapper,2023-05-04T15:28:00.859Z
HP0484A,2023-04-14,27923,2023-05-04T08:36:26.000Z,cars.com scrapper,2023-05-04T15:28:00.859Z
HP0484A,2023-04-21,28500,2023-05-04T08:36:26.000Z,cars.com scrapper,2023-05-04T15:28:00.859Z
HP0484A,2023-04-28,29500,2023-05-04T08:36:26.000Z,cars.com scrapper,2023-05-04T15:28:00.859Z
GPXR7258,2023-04-18,28866,2023-05-04T08:35:43.000Z,cars.com scrapper,2023-05-04T15:28:00.859Z
GPXR7258,2023-04-26,28522,2023-05-04T08:35:43.000Z,cars.com scrapper,2023-05-04T15:28:00.859Z
HL1030,2023-01-16,29385,2023-05-04T08:46:14.000Z,cars.com scrapper,2023-05-04T15:28:00.859Z
HL1030,2023-02-08,30190,2023-05-04T08:46:14.000Z,cars.com scrapper,2023-05-04T15:28:00.859Z
HL1030,2023-03-04,29690,2023-05-04T08:46:14.000Z,cars.com scrapper,2023-05-04T15:28:00.859Z
HL1030,2023-03-08,30690,2023-05-04T08:46:14.000Z,cars.com scrapper,2023-05-04T15:28:00.859Z
HL1030,2023-03-10,29440,2023-05-04T08:46:14.000Z,cars.com scrapper,2023-05-04T15:28:00.859Z
HL1030,2023-03-23,31995,2023-05-04T08:46:14.000Z,cars.com scrapper,2023-05-04T15:28:00.859Z
HL1030,2023-04-01,31495,2023-05-04T08:46:14.000Z,cars.com scrapper,2023-05-04T15:28:00.859Z
HL1030,2023-04-08,29995,2023-05-04T08:46:14.000Z,cars.com scrapper,2023-05-04T15:28:00.859Z
HL1030,2023-04-17,28995,2023-05-04T08:46:14.000Z,cars.com scrapper,2023-05-04T15:28:00.859Z
HL1030,2023-04-19,30584,2023-05-04T08:46:14.000Z,cars.com scrapper,2023-05-04T15:28:00.859Z
HL1030,2023-04-24,29948,2023-05-04T08:46:14.000Z,cars.com scrapper,2023-05-04T15:28:00.859Z
HL1030,2023-05-01,29548,2023-05-04T08:46:14.000Z,cars.com scrapper,2023-05-04T15:28:00.859Z
NXR13747,2023-04-06,33450,2023-05-04T08:50:32.000Z,cars.com scrapper,2023-05-04T15:28:00.859Z
NXR13747,2023-04-07,30501,2023-05-04T08:50:32.000Z,cars.com scrapper,2023-05-04T15:28:00.859Z
NXR13747,2023-04-14,29970,2023-05-04T08:50:32.000Z,cars.com scrapper,2023-05-04T15:28:00.859Z
NXR13747,2023-04-15,28849,2023-05-04T08:50:32.000Z,cars.com scrapper,2023-05-04T15:28:00.859Z
NXR13747,2023-04-25,28514,2023-05-04T08:50:32.000Z,cars.com scrapper,2023-05-04T15:28:00.859Z
FN6541M,2023-04-21,27302,2023-05-04T08:35:30.000Z,cars.com scrapper,2023-05-04T15:28:00.859Z
FN6541M,2023-04-29,27523,2023-05-04T08:35:30.000Z,cars.com scrapper,2023-05-04T15:28:00.859Z
PH174588A,2023-03-30,29348,2023-05-04T08:42:28.000Z,cars.com scrapper,2023-05-04T15:28:00.859Z
PH174588A,2023-04-05,29754,2023-05-04T08:42:28.000Z,cars.com scrapper,2023-05-04T15:28:00.859Z
PH174588A,2023-04-13,30687,2023-05-04T08:42:28.000Z,cars.com scrapper,2023-05-04T15:28:00.859Z
PH174588A,2023-04-28,32499,2023-05-04T08:42:28.000Z,cars.com scrapper,2023-05-04T15:28:00.859Z
PH174588A,2023-05-01,29987,2023-05-04T08:42:28.000Z,cars.com scrapper,2023-05-04T15:28:00.859Z
J4533A,2023-04-18,28700,2023-05-04T08:53:32.000Z,cars.com scrapper,2023-05-04T15:28:00.859Z
J4533A,2023-04-26,28300,2023-05-04T08:53:32.000Z,cars.com scrapper,2023-05-04T15:28:00.859Z
5U00723,2023-03-23,18899,2023-05-04T08:12:41.000Z,cars.com scrapper,2023-05-04T15:28:00.859Z
5U00723,2023-03-31,18799,2023-05-04T08:12:41.000Z,cars.com scrapper,2023-05-04T15:28:00.859Z
5U00723,2023-04-26,18429,2023-05-04T08:12:41.000Z,cars.com scrapper,2023-05-04T15:28:00.859Z
C200224A,2023-03-24,28991,2023-05-04T08:18:24.000Z,cars.com scrapper,2023-05-04T15:28:00.859Z
C200224A,2023-04-18,27000,2023-05-04T08:18:24.000Z,cars.com scrapper,2023-05-04T15:28:00.859Z
C200224A,2023-04-20,26500,2023-05-04T08:18:24.000Z,cars.com scrapper,2023-05-04T15:28:00.859Z
CNTL230234,2023-04-01,26991,2023-05-04T08:30:57.000Z,cars.com scrapper,2023-05-04T15:28:00.859Z
CNTL230234,2023-04-28,25792,2023-05-04T08:30:57.000Z,cars.com scrapper,2023-05-04T15:28:00.859Z
CNTL230234,2023-05-01,24991,2023-05-04T08:30:57.000Z,cars.com scrapper,2023-05-04T15:28:00.859Z
GM10434A,2023-02-21,29995,2023-05-04T08:23:59.000Z,cars.com scrapper,2023-05-04T15:28:00.859Z
GM10434A,2023-03-08,29495,2023-05-04T08:23:59.000Z,cars.com scrapper,2023-05-04T15:28:00.859Z
GM10434A,2023-03-14,28995,2023-05-04T08:23:59.000Z,cars.com scrapper,2023-05-04T15:28:00.859Z
GM10434A,2023-03-21,28895,2023-05-04T08:23:59.000Z,cars.com scrapper,2023-05-04T15:28:00.859Z
GM10434A,2023-03-30,28795,2023-05-04T08:23:59.000Z,cars.com scrapper,2023-05-04T15:28:00.859Z
GM10434A,2023-04-12,28595,2023-05-04T08:23:59.000Z,cars.com scrapper,2023-05-04T15:28:00.859Z
GM10434A,2023-04-18,28395,2023-05-04T08:23:59.000Z,cars.com scrapper,2023-05-04T15:28:00.859Z
GM10434A,2023-04-26,27995,2023-05-04T08:23:59.000Z,cars.com scrapper,2023-05-04T15:28:00.859Z
P21926,2023-03-24,30990,2023-05-04T08:46:58.000Z,cars.com scrapper,2023-05-04T15:28:00.859Z
P21926,2023-04-13,30297,2023-05-04T08:46:58.000Z,cars.com scrapper,2023-05-04T15:28:00.859Z
P21926,2023-04-24,29997,2023-05-04T08:46:58.000Z,cars.com scrapper,2023-05-04T15:28:00.859Z
33382A,2023-03-25,22498,2023-05-04T08:56:58.000Z,cars.com scrapper,2023-05-04T15:28:00.859Z
33382A,2023-04-04,23999,2023-05-04T08:56:58.000Z,cars.com scrapper,2023-05-04T15:28:00.859Z
33382A,2023-04-19,23495,2023-05-04T08:56:58.000Z,cars.com scrapper,2023-05-04T15:28:00.859Z
33382A,2023-04-28,23000,2023-05-04T08:56:58.000Z,cars.com scrapper,2023-05-04T15:28:00.859Z
USH317X,2023-03-28,26840,2023-05-04T08:58:00.000Z,cars.com scrapper,2023-05-04T15:28:00.859Z
USH317X,2023-04-04,26940,2023-05-04T08:58:00.000Z,cars.com scrapper,2023-05-04T15:28:00.859Z
USH317X,2023-04-11,26840,2023-05-04T08:58:00.000Z,cars.com scrapper,2023-05-04T15:28:00.859Z
USH317X,2023-04-18,26740,2023-05-04T08:58:00.000Z,cars.com scrapper,2023-05-04T15:28:00.859Z
USH317X,2023-05-02,26540,2023-05-04T08:58:00.000Z,cars.com scrapper,2023-05-04T15:28:00.859Z
H37095A,2023-03-04,30757,2023-05-04T08:31:56.000Z,cars.com scrapper,2023-05-04T15:28:00.859Z
H37095A,2023-03-12,29921,2023-05-04T08:31:56.000Z,cars.com scrapper,2023-05-04T15:28:00.859Z
H37095A,2023-03-18,29727,2023-05-04T08:31:56.000Z,cars.com scrapper,2023-05-04T15:28:00.859Z
H37095A,2023-03-24,28936,2023-05-04T08:31:56.000Z,cars.com scrapper,2023-05-04T15:28:00.859Z
H37095A,2023-03-30,28493,2023-05-04T08:31:56.000Z,cars.com scrapper,2023-05-04T15:28:00.859Z
H37095A,2023-04-06,27956,2023-05-04T08:31:56.000Z,cars.com scrapper,2023-05-04T15:28:00.859Z
H37095A,2023-04-15,27495,2023-05-04T08:31:56.000Z,cars.com scrapper,2023-05-04T15:28:00.859Z
H37095A,2023-04-22,26957,2023-05-04T08:31:56.000Z,cars.com scrapper,2023-05-04T15:28:00.859Z
H37095A,2023-05-02,27757,2023-05-04T08:31:56.000Z,cars.com scrapper,2023-05-04T15:28:00.859Z
H15639-0,2022-12-11,30267,2023-05-04T08:30:38.000Z,cars.com scrapper,2023-05-04T15:28:00.859Z
H15639-0,2023-04-15,29997,2023-05-04T08:30:38.000Z,cars.com scrapper,2023-05-04T15:28:00.859Z
H15639-0,2023-04-17,29437,2023-05-04T08:30:38.000Z,cars.com scrapper,2023-05-04T15:28:00.859Z
H15639-0,2023-05-01,28271,2023-05-04T08:30:38.000Z,cars.com scrapper,2023-05-04T15:28:00.859Z
BP306113,2023-03-31,29292,2023-05-04T08:49:47.000Z,cars.com scrapper,2023-05-04T15:28:00.859Z
BP306113,2023-04-19,29182,2023-05-04T08:49:47.000Z,cars.com scrapper,2023-05-04T15:28:00.859Z
HY82943L,2023-03-10,32355,2023-05-04T08:55:07.000Z,cars.com scrapper,2023-05-04T15:28:00.859Z
HY82943L,2023-03-16,31797,2023-05-04T08:55:07.000Z,cars.com scrapper,2023-05-04T15:28:00.859Z
HY82943L,2023-03-18,31595,2023-05-04T08:55:07.000Z,cars.com scrapper,2023-05-04T15:28:00.859Z
HY82943L,2023-03-23,30993,2023-05-04T08:55:07.000Z,cars.com scrapper,2023-05-04T15:28:00.859Z
HY82943L,2023-03-30,30773,2023-05-04T08:55:07.000Z,cars.com scrapper,2023-05-04T15:28:00.859Z
HY82943L,2023-04-07,29988,2023-05-04T08:55:07.000Z,cars.com scrapper,2023-05-04T15:28:00.859Z
HY82943L,2023-04-14,29788,2023-05-04T08:55:07.000Z,cars.com scrapper,2023-05-04T15:28:00.859Z
HY82943L,2023-04-21,29555,2023-05-04T08:55:07.000Z,cars.com scrapper,2023-05-04T15:28:00.859Z
HY82943L,2023-04-28,28988,2023-05-04T08:55:07.000Z,cars.com scrapper,2023-05-04T15:28:00.859Z
1058R,2023-04-21,29500,2023-05-04T08:25:03.000Z,cars.com scrapper,2023-05-04T15:28:00.859Z
1058R,2023-05-02,29277,2023-05-04T08:25:03.000Z,cars.com scrapper,2023-05-04T15:28:00.859Z
HL1028,2022-12-09,25620,2023-05-04T08:26:56.000Z,cars.com scrapper,2023-05-04T15:28:00.859Z
HL1028,2022-12-14,24851,2023-05-04T08:26:56.000Z,cars.com scrapper,2023-05-04T15:28:00.859Z
HL1028,2023-02-08,24120,2023-05-04T08:26:56.000Z,cars.com scrapper,2023-05-04T15:28:00.859Z
HL1028,2023-02-10,23620,2023-05-04T08:26:56.000Z,cars.com scrapper,2023-05-04T15:28:00.859Z
HL1028,2023-02-16,23120,2023-05-04T08:26:56.000Z,cars.com scrapper,2023-05-04T15:28:00.859Z
HL1028,2023-03-01,23620,2023-05-04T08:26:56.000Z,cars.com scrapper,2023-05-04T15:28:00.859Z
HL1028,2023-03-02,25495,2023-05-04T08:26:56.000Z,cars.com scrapper,2023-05-04T15:28:00.859Z
HL1028,2023-03-13,24995,2023-05-04T08:26:56.000Z,cars.com scrapper,2023-05-04T15:28:00.859Z
HL1028,2023-03-21,24495,2023-05-04T08:26:56.000Z,cars.com scrapper,2023-05-04T15:28:00.859Z
HL1028,2023-03-30,24995,2023-05-04T08:26:56.000Z,cars.com scrapper,2023-05-04T15:28:00.859Z
HL1028,2023-04-07,25495,2023-05-04T08:26:56.000Z,cars.com scrapper,2023-05-04T15:28:00.859Z
HL1028,2023-04-16,24995,2023-05-04T08:26:56.000Z,cars.com scrapper,2023-05-04T15:28:00.859Z
HL1028,2023-04-19,25272,2023-05-04T08:26:56.000Z,cars.com scrapper,2023-05-04T15:28:00.859Z
HL1028,2023-04-24,24742,2023-05-04T08:26:56.000Z,cars.com scrapper,2023-05-04T15:28:00.859Z
HL1028,2023-05-01,24496,2023-05-04T08:26:56.000Z,cars.com scrapper,2023-05-04T15:28:00.859Z
3C0248,2023-04-04,29500,2023-05-04T08:29:52.000Z,cars.com scrapper,2023-05-04T15:28:00.859Z
3C0248,2023-04-26,29000,2023-05-04T08:29:52.000Z,cars.com scrapper,2023-05-04T15:28:00.859Z
RL506993,2023-01-13,37320,2023-05-04T08:21:18.000Z,cars.com scrapper,2023-05-04T15:28:00.859Z
RL506993,2023-01-14,33500,2023-05-04T08:21:18.000Z,cars.com scrapper,2023-05-04T15:28:00.859Z
RL506993,2023-01-27,32991,2023-05-04T08:21:18.000Z,cars.com scrapper,2023-05-04T15:28:00.859Z
RL506993,2023-02-03,32500,2023-05-04T08:21:18.000Z,cars.com scrapper,2023-05-04T15:28:00.859Z
RL506993,2023-02-15,31991,2023-05-04T08:21:18.000Z,cars.com scrapper,2023-05-04T15:28:00.859Z
RL506993,2023-02-22,31500,2023-05-04T08:21:18.000Z,cars.com scrapper,2023-05-04T15:28:00.859Z
RL506993,2023-03-03,31400,2023-05-04T08:21:18.000Z,cars.com scrapper,2023-05-04T15:28:00.859Z
RL506993,2023-03-13,30991,2023-05-04T08:21:18.000Z,cars.com scrapper,2023-05-04T15:28:00.859Z
RL506993,2023-03-22,30500,2023-05-04T08:21:18.000Z,cars.com scrapper,2023-05-04T15:28:00.859Z
RL506993,2023-03-30,30400,2023-05-04T08:21:18.000Z,cars.com scrapper,2023-05-04T15:28:00.859Z
RL506993,2023-04-08,30300,2023-05-04T08:21:18.000Z,cars.com scrapper,2023-05-04T15:28:00.859Z
RL506993,2023-04-18,29991,2023-05-04T08:21:18.000Z,cars.com scrapper,2023-05-04T15:28:00.859Z
0JK4912A,2023-04-05,28000,2023-05-04T08:22:54.000Z,cars.com scrapper,2023-05-04T15:28:00.859Z
0JK4912A,2023-04-22,27000,2023-05-04T08:22:54.000Z,cars.com scrapper,2023-05-04T15:28:00.859Z
0JK4912A,2023-04-29,26500,2023-05-04T08:22:54.000Z,cars.com scrapper,2023-05-04T15:28:00.859Z
